INSTRUMENT,SYMBOL    ,EXP_DATE  ,OPEN_PRICE ,HI_PRICE   ,LO_PRICE   ,CLOSE_PRICE,OPEN_INT*      ,TRD_VAL           ,TRD_QTY          ,NO_OF_CONT       ,NO_OF_TRADE      
FUTIDX    ,DJIA      ,20/01/2017,00019730.00,00019792.50,00019725.00,00019785.00,000000000034740,       43262400.00,             2190,              073,              057
FUTIDX    ,DJIA      ,17/02/2017,00019700.00,00019700.00,00019700.00,00019700.00,000000000000150,         591000.00,              030,              001,              001
FUTIDX    ,NIFTY     ,25/01/2017,00008215.05,00008218.80,00008151.00,00008192.10,000000017031150,    68446936020.00,          8364750,           111530,            62195
FUTIDX    ,NIFTY     ,23/02/2017,00008212.85,00008240.75,00008175.10,00008216.45,000000000836400,     2346359238.75,           285825,             3811,             3018
FUTIDX    ,NIFTY     ,30/03/2017,00008236.20,00008270.00,00008204.80,00008247.85,000000000122025,      462248295.00,            56100,              748,              480
FUTIDX    ,NIFTYCPSE ,25/01/2017,00002330.00,00002345.00,00002330.00,00002345.00,000000000011500,        9345800.00,             4000,              016,              016
FUTIDX    ,NIFTYIT   ,25/01/2017,00010414.00,00010440.00,00010363.00,00010376.00,000000000030950,       66046400.00,             6350,              127,              112
FUTIDX    ,S&P500    ,20/01/2017,00002242.00,00002242.00,00002237.75,00002242.00,000000000356500,       35828687.50,            16000,              064,              046
FUTSTK    ,SAIL      ,25/01/2017,00000048.95,00000050.45,00000048.55,00000050.25,000000049752000,     1079056800.00,         21660000,             1805,             1663
FUTSTK    ,SAIL      ,23/02/2017,00000048.40,00000050.15,00000048.35,00000049.90,000000003600000,       84069000.00,          1704000,              142,              095
FUTSTK    ,SBIN      ,25/01/2017,00000252.40,00000254.00,00000242.65,00000244.75,000000076524000,    15006094500.00,         61101000,            20367,            18868
FUTSTK    ,SBIN      ,23/02/2017,00000253.50,00000253.55,00000243.30,00000245.10,000000001668000,      385767450.00,          1572000,              524,              446
FUTSTK    ,SBIN      ,30/03/2017,00000245.20,00000246.35,00000244.70,00000245.45,000000000036000,       10311450.00,            42000,              014,              014
FUTSTK    ,SIEMENS   ,25/01/2017,00001113.35,00001125.15,00001113.00,00001122.35,000000000725000,      329007075.00,           294000,              588,              562
FUTSTK    ,SINTEX    ,25/01/2017,00000075.85,00000075.85,00000074.20,00000075.60,000000024153750,      225981131.25,          3006750,              422,              391
FUTSTK    ,SINTEX    ,23/02/2017,00000075.70,00000076.10,00000075.20,00000076.10,000000000121125,        1617375.00,            21375,              003,              003
FUTSTK    ,SOUTHBANK ,25/01/2017,00000019.75,00000019.85,00000019.60,00000019.75,000000042000000,       76267500.00,          3870000,              129,              127
FUTSTK    ,SRF       ,25/01/2017,00001558.90,00001565.00,00001535.90,00001563.40,000000000429000,      413719950.00,           266500,              533,              512
FUTSTK    ,SRTRANSFIN,25/01/2017,00000858.35,00000892.00,00000856.00,00000886.70,000000003341400,      995246250.00,          1139400,             1899,             1757
FUTSTK    ,STAR      ,25/01/2017,00001060.40,00001076.50,00001057.85,00001073.10,000000001481000,      549719225.00,           514500,             1029,              938
FUTSTK    ,SUNPHARMA ,25/01/2017,00000633.50,00000641.15,00000628.85,00000635.95,000000030549400,     2782542455.00,          4372900,             6247,             5636
FUTSTK    ,SUNPHARMA ,23/02/2017,00000633.00,00000643.40,00000633.00,00000639.20,000000000404600,       25470375.00,            39900,              057,              052
FUTSTK    ,SUNPHARMA ,30/03/2017,00000646.50,00000646.50,00000646.50,00000646.50,000000000001400,         452550.00,              700,              001,              001
FUTSTK    ,SUNTV     ,25/01/2017,00000495.55,00000505.75,00000490.70,00000503.20,000000006834000,     2676121000.00,          5372000,             2686,             2519
FUTSTK    ,SUNTV     ,23/02/2017,00000503.65,00000505.00,00000503.65,00000505.00,000000000026000,        6052400.00,            12000,              006,              006
FUTSTK    ,SYNDIBANK ,25/01/2017,00000062.45,00000062.50,00000060.80,00000062.05,000000014238000,      214373700.00,          3483000,              387,              383
FUTSTK    ,SYNDIBANK ,23/02/2017,00000061.10,00000061.40,00000060.90,00000061.40,000000000297000,        4404600.00,            72000,              008,              008
FUTSTK    ,TATACHEM  ,25/01/2017,00000506.00,00000513.00,00000505.00,00000509.20,000000004092000,     1121400150.00,          2199000,             1466,             1398
FUTSTK    ,TATACHEM  ,23/02/2017,00000510.40,00000510.40,00000510.40,00000510.40,000000000009000,         765600.00,             1500,              001,              001
FUTSTK    ,TATACOMM  ,25/01/2017,00000628.35,00000634.80,00000621.85,00000631.95,000000004904200,      962147830.00,          1528800,             1092,             1027
FUTSTK    ,TATACOMM  ,23/02/2017,00000625.00,00000625.00,00000625.00,00000625.00,000000000012600,         875000.00,             1400,              001,              001
FUTSTK    ,TATAELXSI ,25/01/2017,00001413.00,00001426.95,00001393.50,00001418.10,000000001193200,      565934580.00,           400400,             1001,              971
FUTSTK    ,TATAGLOBAL,25/01/2017,00000122.80,00000124.80,00000121.85,00000124.20,000000026568000,      377077275.00,          3055500,              679,              664
FUTSTK    ,TATAGLOBAL,23/02/2017,00000123.05,00000123.80,00000122.65,00000123.80,000000000135000,        5542650.00,            45000,              010,              010
FUTSTK    ,TATAMOTORS,25/01/2017,00000472.50,00000490.70,00000470.25,00000488.95,000000023002500,     7132599225.00,         14802000,             9868,             8966
FUTSTK    ,TATAMOTORS,23/02/2017,00000476.60,00000491.35,00000472.70,00000490.10,000000000139500,       57121050.00,           118500,              079,              078
FUTSTK    ,TATAMTRDVR,25/01/2017,00000300.55,00000310.45,00000298.15,00000309.50,000000015678600,      874249950.00,          2864400,             1364,             1290
FUTSTK    ,TATAMTRDVR,23/02/2017,00000300.20,00000310.60,00000300.20,00000310.50,000000000025200,        5788020.00,            18900,              009,              009
FUTSTK    ,TATAPOWER ,25/01/2017,00000075.95,00000076.50,00000075.45,00000075.80,000000023022000,      450868500.00,          5940000,              660,              611
FUTSTK    ,TATAPOWER ,23/02/2017,00000076.05,00000076.70,00000076.00,00000076.70,000000000054000,        4801050.00,            63000,              007,              007
FUTSTK    ,TATASTEEL ,25/01/2017,00000392.10,00000408.80,00000389.55,00000407.10,000000021724000,     9513100600.00,         23726000,            11863,            10705
FUTSTK    ,TATASTEEL ,23/02/2017,00000391.25,00000409.95,00000391.25,00000408.55,000000000164000,       51724000.00,           128000,              064,              064
FUTSTK    ,TCS       ,25/01/2017,00002369.50,00002373.30,00002353.00,00002356.80,000000004427750,     1413907400.00,           598250,             2393,             2291
FUTSTK    ,TCS       ,23/02/2017,00002377.90,00002377.95,00002364.40,00002364.40,000000000007000,        8298875.00,             3500,              014,              013
FUTSTK    ,TECHM     ,25/01/2017,00000493.50,00000497.50,00000487.50,00000489.95,000000007964000,     1096122500.00,          2226400,             2024,             1872
FUTSTK    ,TECHM     ,23/02/2017,00000491.00,00000499.00,00000491.00,00000491.90,000000000019800,       11403590.00,            23100,              021,              021
FUTSTK    ,TITAN     ,25/01/2017,00000327.50,00000335.95,00000326.00,00000333.85,000000009454500,      493061175.00,          1488000,              992,              915
FUTSTK    ,TITAN     ,23/02/2017,00000332.55,00000333.40,00000332.00,00000333.40,000000000016500,        1987200.00,             6000,              004,              004
FUTSTK    ,TORNTPHARM,25/01/2017,00001320.65,00001325.00,00001308.50,00001316.70,000000000187200,      118970580.00,            90400,              226,              194
FUTSTK    ,TORNTPHARM,23/02/2017,00001314.95,00001315.35,00001314.95,00001315.35,000000000006000,        5251760.00,             4000,              010,              008
FUTSTK    ,TORNTPOWER,25/01/2017,00000180.00,00000180.00,00000178.15,00000178.80,000000002451000,       93891000.00,           525000,              175,              147
FUTSTK    ,TORNTPOWER,23/02/2017,00000179.55,00000179.55,00000179.55,00000179.55,000000000012000,         538650.00,             3000,              001,              001
FUTSTK    ,TV18BRDCST,25/01/2017,00000036.65,00000037.30,00000036.45,00000037.10,000000080852000,      136935850.00,          3706000,              218,              214
FUTSTK    ,TV18BRDCST,23/02/2017,00000037.50,00000037.50,00000037.50,00000037.50,000000000255000,         637500.00,            17000,              001,              001
FUTSTK    ,TVSMOTOR  ,25/01/2017,00000354.60,00000360.45,00000348.25,00000358.70,000000006908000,     1269387200.00,          3580000,             1790,             1700
FUTSTK    ,TVSMOTOR  ,23/02/2017,00000346.50,00000354.35,00000346.35,00000353.20,000000000144000,       15351100.00,            44000,              022,              022
FUTSTK    ,UBL       ,25/01/2017,00000786.95,00000787.00,00000774.00,00000777.80,000000001031800,       99761760.00,           128100,              183,              177
FUTSTK    ,ULTRACEMCO,25/01/2017,00003268.40,00003361.00,00003268.40,00003351.45,000000002537800,     2436250670.00,           733400,             3667,             3396
FUTSTK    ,ULTRACEMCO,23/02/2017,00003307.90,00003330.90,00003307.90,00003330.00,000000000004400,       11960400.00,             3600,              018,              017
FUTSTK    ,UNIONBANK ,25/01/2017,00000122.40,00000122.40,00000118.50,00000121.25,000000019296000,     1640147000.00,         13620000,             3405,             3271
FUTSTK    ,UNIONBANK ,23/02/2017,00000120.15,00000120.40,00000117.20,00000119.55,000000000852000,       70267200.00,           592000,              148,              148
FUTSTK    ,UNIONBANK ,30/03/2017,00000118.00,00000119.00,00000117.00,00000119.00,000000000040000,        3779400.00,            32000,              008,              008
FUTSTK    ,UPL       ,25/01/2017,00000649.00,00000661.45,00000646.30,00000660.10,000000005782800,     1248546300.00,          1904400,             1587,             1545
FUTSTK    ,VEDL      ,25/01/2017,00000216.40,00000222.75,00000214.70,00000221.65,000000040386500,     7244759200.00,         33001500,             9429,             8505
FUTSTK    ,VEDL      ,23/02/2017,00000215.30,00000221.40,00000215.30,00000220.40,000000000609000,      104083525.00,           476000,              136,              125
FUTSTK    ,VEDL      ,30/03/2017,00000220.50,00000220.50,00000220.50,00000220.50,000000000003500,         771750.00,             3500,              001,              001
FUTSTK    ,VOLTAS    ,25/01/2017,00000316.50,00000326.10,00000315.85,00000323.90,000000004438000,      833485500.00,          2594000,             1297,             1266
FUTSTK    ,VOLTAS    ,23/02/2017,00000315.55,00000320.00,00000315.55,00000318.05,000000000086000,       15850800.00,            50000,              025,              023
FUTSTK    ,WIPRO     ,25/01/2017,00000475.45,00000479.35,00000472.30,00000473.25,000000004981200,      648868020.00,          1363200,             1136,             1048
FUTSTK    ,WIPRO     ,23/02/2017,00000478.25,00000478.25,00000473.00,00000473.35,000000000038400,        8546940.00,            18000,              015,              015
FUTSTK    ,WOCKPHARMA,25/01/2017,00000661.75,00000674.00,00000658.50,00000669.55,000000003208200,      639192480.00,           960000,             1600,             1426
FUTSTK    ,YESBANK   ,25/01/2017,00001159.20,00001163.95,00001135.10,00001149.05,000000008138900,     6626416265.00,          5775000,             8250,             7714
FUTSTK    ,YESBANK   ,23/02/2017,00001160.40,00001162.00,00001138.35,00001153.30,000000000079100,      103990005.00,            90300,              129,              128
FUTSTK    ,YESBANK   ,30/03/2017,00001150.00,00001150.00,00001150.00,00001150.00,000000000003500,         805000.00,              700,              001,              001
FUTSTK    ,ZEEL      ,25/01/2017,00000454.80,00000458.65,00000452.45,00000453.50,000000008222500,     1087156070.00,          2388100,             1837,             1743
FUTSTK    ,ZEEL      ,23/02/2017,00000456.30,00000459.00,00000454.45,00000454.45,000000000049400,        2374840.00,             5200,              004,              004
FUTSTK    ,IBREALEST ,25/01/2017,00000072.90,00000076.65,00000071.80,00000076.10,000000030240000,     1999253500.00,         26870000,             2687,             2551
FUTSTK    ,IBULHSGFIN,25/01/2017,00000659.40,00000684.80,00000649.10,00000679.35,000000012976000,     3874990360.00,          5803200,             7254,             6384
FUTSTK    ,IBULHSGFIN,23/02/2017,00000648.95,00000679.00,00000648.95,00000676.10,000000000033600,       19089440.00,            28800,              036,              036
FUTSTK    ,ICICIBANK ,25/01/2017,00000256.55,00000256.90,00000249.10,00000252.90,000000057990000,     6462933000.00,         25605000,            10242,             9524
FUTSTK    ,ICICIBANK ,23/02/2017,00000257.60,00000257.60,00000250.45,00000253.75,000000000447500,       76554125.00,           302500,              121,              116
FUTSTK    ,ICICIBANK ,30/03/2017,00000256.00,00000256.00,00000252.00,00000255.20,000000000007500,        5730625.00,            22500,              009,              009
FUTSTK    ,ICIL      ,25/01/2017,00000167.10,00000170.80,00000164.45,00000170.50,000000003580500,      178182375.00,          1057000,              302,              287
FUTSTK    ,ICIL      ,23/02/2017,00000167.10,00000167.90,00000167.10,00000167.90,000000000021000,        2342200.00,            14000,              004,              004
FUTSTK    ,IDBI      ,25/01/2017,00000069.90,00000069.95,00000068.10,00000069.30,000000026656000,      534691600.00,          7760000,              970,              944
FUTSTK    ,IDBI      ,23/02/2017,00000068.75,00000068.85,00000067.80,00000068.85,000000000976000,       20752400.00,           304000,              038,              038
FUTSTK    ,IDBI      ,30/03/2017,00000068.10,00000068.50,00000068.10,00000068.50,000000000016000,        1092800.00,            16000,              002,              002
FUTSTK    ,IDEA      ,25/01/2017,00000072.55,00000073.90,00000072.05,00000073.05,000000072380000,      837937800.00,         11466000,             1638,             1379
FUTSTK    ,IDEA      ,23/02/2017,00000071.90,00000073.25,00000071.50,00000072.35,000000003990000,      117718650.00,          1624000,              232,              093
FUTSTK    ,IDEA      ,30/03/2017,00000071.70,00000071.70,00000071.70,00000071.70,000000000014000,         501900.00,             7000,              001,              001
FUTSTK    ,IDFC      ,25/01/2017,00000054.05,00000054.70,00000053.60,00000054.60,000000054568800,      326923080.00,          6032400,              457,              442
FUTSTK    ,IDFC      ,23/02/2017,00000054.30,00000054.50,00000053.90,00000054.50,000000000409200,        4288020.00,            79200,              006,              006
FUTSTK    ,IDFCBANK  ,25/01/2017,00000060.65,00000061.20,00000059.45,00000060.85,000000048776000,      293444400.00,          4856000,              607,              584
FUTSTK    ,IDFCBANK  ,23/02/2017,00000060.45,00000060.80,00000060.45,00000060.80,000000000472000,        4866000.00,            80000,              010,              007
FUTSTK    ,IFCI      ,25/01/2017,00000027.30,00000027.90,00000027.15,00000027.60,000000059422000,      708471500.00,         25762000,             1171,             1084
FUTSTK    ,IFCI      ,23/02/2017,00000027.25,00000027.65,00000027.25,00000027.55,000000001364000,        9661300.00,           352000,              016,              016
FUTSTK    ,IGL       ,25/01/2017,00000917.50,00000922.40,00000909.45,00000916.20,000000001498200,     1804598235.00,          1967900,             1789,             1754
FUTSTK    ,IGL       ,23/02/2017,00000922.00,00000922.00,00000910.90,00000910.90,000000000048400,       37353415.00,            40700,              037,              037
FUTSTK    ,INDIACEM  ,25/01/2017,00000118.25,00000123.70,00000118.25,00000123.15,000000029617000,     2152149475.00,         17780000,             5080,             4450
FUTSTK    ,INDIACEM  ,23/02/2017,00000119.95,00000123.35,00000118.95,00000123.35,000000000126000,       10182200.00,            84000,              024,              024
FUTSTK    ,INDIACEM  ,30/03/2017,00000121.60,00000122.55,00000121.60,00000122.55,000000000007000,         854525.00,             7000,              002,              002
FUTSTK    ,INDUSINDBK,25/01/2017,00001110.00,00001113.00,00001086.10,00001091.25,000000004975800,     2052235050.00,          1873200,             3122,             2897
FUTSTK    ,INDUSINDBK,23/02/2017,00001112.00,00001112.00,00001093.45,00001103.95,000000000009000,        7916790.00,             7200,              012,              012
FUTSTK    ,INFRATEL  ,25/01/2017,00000345.00,00000347.40,00000342.80,00000344.85,000000005856000,      208874640.00,           604800,              378,              363
FUTSTK    ,INFY      ,25/01/2017,00001013.00,00001014.60,00001001.60,00001004.05,000000014747500,     2236167550.00,          2221000,             4442,             4223
FUTSTK    ,INFY      ,23/02/2017,00001019.10,00001019.10,00001004.10,00001008.40,000000000079000,       15661525.00,            15500,              031,              030
FUTSTK    ,IOC       ,25/01/2017,00000323.10,00000324.70,00000320.15,00000323.85,000000015144000,     1759129500.00,          5454000,             1818,             1689
FUTSTK    ,IOC       ,23/02/2017,00000322.45,00000323.50,00000318.55,00000322.30,000000000525000,       71100750.00,           222000,              074,              072
FUTSTK    ,IOC       ,30/03/2017,00000319.95,00000319.95,00000319.95,00000319.95,000000000003000,         959850.00,             3000,              001,              001
FUTSTK    ,IRB       ,25/01/2017,00000197.55,00000205.95,00000196.50,00000204.90,000000008877500,      976189875.00,          4837500,             1935,             1779
FUTSTK    ,IRB       ,23/02/2017,00000198.60,00000205.00,00000198.50,00000205.00,000000000097500,        8614625.00,            42500,              017,              017
FUTSTK    ,ITC       ,25/01/2017,00000241.40,00000242.40,00000239.35,00000241.10,000000040440000,     1691614080.00,          7024800,             2927,             2781
FUTSTK    ,ITC       ,23/02/2017,00000241.05,00000243.00,00000240.25,00000241.70,000000000237600,       12156360.00,            50400,              021,              020
FUTSTK    ,JETAIRWAYS,25/01/2017,00000347.00,00000365.85,00000340.75,00000364.10,000000005952000,     1917483150.00,          5394000,             5394,             4951
FUTSTK    ,JETAIRWAYS,23/02/2017,00000342.35,00000365.15,00000342.35,00000364.25,000000000068000,       18974450.00,            53000,              053,              052
FUTSTK    ,JINDALSTEL,25/01/2017,00000069.65,00000071.20,00000069.05,00000070.70,000000049320000,      566028450.00,          8055000,              895,              843
FUTSTK    ,JINDALSTEL,23/02/2017,00000071.00,00000071.05,00000070.55,00000070.95,000000000180000,        3830850.00,            54000,              006,              006
FUTSTK    ,JISLJALEQS,25/01/2017,00000088.85,00000089.70,00000087.75,00000089.10,000000037251000,      917191800.00,         10332000,             1148,             1098
FUTSTK    ,JISLJALEQS,23/02/2017,00000088.35,00000089.55,00000088.35,00000089.30,000000000171000,        6415200.00,            72000,              008,              008
FUTSTK    ,JPASSOCIAT,25/01/2017,00000008.20,00000008.45,00000008.10,00000008.35,000000119408000,      354715200.00,         42908000,              631,              560
FUTSTK    ,JPASSOCIAT,23/02/2017,00000007.80,00000008.00,00000007.65,00000007.85,000000025500000,       88318400.00,         11288000,              166,              155
FUTSTK    ,JSWENERGY ,25/01/2017,00000061.30,00000062.75,00000060.55,00000062.50,000000033952000,      271605200.00,          4392000,              549,              497
FUTSTK    ,JSWENERGY ,23/02/2017,00000062.70,00000062.70,00000062.70,00000062.70,000000000088000,         501600.00,             8000,              001,              001
FUTSTK    ,JSWSTEEL  ,25/01/2017,00001629.55,00001649.00,00001615.95,00001641.25,000000005211000,     1682871630.00,          1029900,             3433,             3013
FUTSTK    ,JSWSTEEL  ,23/02/2017,00001628.10,00001650.25,00001628.10,00001649.00,000000000026400,       12314130.00,             7500,              025,              025
FUTSTK    ,JUBLFOOD  ,25/01/2017,00000846.20,00000858.00,00000831.10,00000851.70,000000002158500,      537938925.00,           635500,             1271,             1179
FUTSTK    ,JUBLFOOD  ,23/02/2017,00000848.00,00000848.00,00000848.00,00000848.00,000000000023000,        2109750.00,             2500,              005,              005
FUTSTK    ,JUSTDIAL  ,25/01/2017,00000339.10,00000346.65,00000337.50,00000345.20,000000003963600,      631155300.00,          1842000,             1535,             1483
FUTSTK    ,JUSTDIAL  ,23/02/2017,00000336.20,00000340.50,00000334.50,00000339.00,000000000186000,       21044700.00,            62400,              052,              052
FUTSTK    ,KOTAKBANK ,25/01/2017,00000720.00,00000723.10,00000710.35,00000716.60,000000008424800,     1859288240.00,          2600000,             3250,             3153
FUTSTK    ,KOTAKBANK ,23/02/2017,00000722.55,00000724.45,00000712.65,00000718.50,000000000214400,        5186120.00,             7200,              009,              009
FUTSTK    ,KPIT      ,25/01/2017,00000133.45,00000136.70,00000133.15,00000136.15,000000003676000,       96327800.00,           712000,              178,              177
FUTSTK    ,KSCL      ,25/01/2017,00000417.90,00000417.90,00000410.45,00000412.15,000000002347500,      214071225.00,           517500,              345,              311
FUTSTK    ,KTKBANK   ,25/01/2017,00000112.90,00000114.95,00000111.05,00000113.90,000000014108375,      580553362.50,          5140375,              697,              669
FUTSTK    ,KTKBANK   ,23/02/2017,00000114.00,00000114.90,00000114.00,00000114.20,000000000177000,        7550893.75,            66375,              009,              009
FUTSTK    ,KTKBANK   ,30/03/2017,00000113.10,00000115.25,00000113.10,00000115.25,000000000007375,        1684081.25,            14750,              002,              002
FUTSTK    ,L&TFH     ,25/01/2017,00000088.30,00000089.25,00000087.15,00000088.45,000000026208000,     1339617150.00,         15174000,             1686,             1564
FUTSTK    ,L&TFH     ,23/02/2017,00000089.35,00000089.35,00000088.60,00000088.70,000000000252000,       12793050.00,           144000,              016,              015
FUTSTK    ,L&TFH     ,30/03/2017,00000089.15,00000089.15,00000089.15,00000089.15,000000000009000,         802350.00,             9000,              001,              001
FUTSTK    ,LICHSGFIN ,25/01/2017,00000561.90,00000563.00,00000527.40,00000532.55,000000008422700,     6646808135.00,         12413500,            11285,            10651
FUTSTK    ,LICHSGFIN ,23/02/2017,00000554.50,00000554.75,00000530.00,00000534.05,000000000078100,       86191930.00,           160600,              146,              144
FUTSTK    ,LICHSGFIN ,30/03/2017,00000544.70,00000544.70,00000536.00,00000536.50,000000000002200,        1778920.00,             3300,              003,              003
FUTSTK    ,LT        ,25/01/2017,00001354.75,00001371.95,00001351.55,00001363.20,000000007945000,     2928637950.00,          2149000,             4298,             3892
FUTSTK    ,LT        ,23/02/2017,00001356.80,00001375.00,00001356.80,00001369.00,000000000052000,       19828825.00,            14500,              029,              029
FUTSTK    ,LUPIN     ,25/01/2017,00001490.05,00001511.95,00001480.20,00001506.80,000000004418400,     1337005140.00,           890800,             2227,             2074
FUTSTK    ,LUPIN     ,23/02/2017,00001510.00,00001510.00,00001504.00,00001509.75,000000000030000,        3622380.00,             2400,              006,              006
FUTIDX    ,BANKNIFTY ,25/01/2017,00018210.05,00018261.20,00017886.70,00018034.30,000000002269880,    65531756912.00,          3634480,            90862,            64714
FUTIDX    ,BANKNIFTY ,23/02/2017,00018306.75,00018306.75,00017970.95,00018102.20,000000000052200,     1444296106.00,            79800,             1995,             1450
FUTIDX    ,BANKNIFTY ,30/03/2017,00018333.05,00018333.05,00018059.70,00018182.40,000000000002360,       78656452.00,             4320,              108,              093
FUTSTK    ,ABIRLANUVO,25/01/2017,00001297.15,00001298.95,00001278.80,00001295.60,000000003485600,     1232499480.00,           954800,             2387,             2033
FUTSTK    ,ABIRLANUVO,23/02/2017,00001300.85,00001300.85,00001281.25,00001302.40,000000000072800,       18699300.00,            14400,              036,              013
FUTSTK    ,ACC       ,25/01/2017,00001341.00,00001360.60,00001335.15,00001357.90,000000001245200,      921905900.00,           682400,             1706,             1583
FUTSTK    ,ACC       ,23/02/2017,00001351.05,00001356.20,00001351.05,00001356.20,000000000004000,        1623320.00,             1200,              003,              003
FUTSTK    ,ADANIENT  ,25/01/2017,00000077.30,00000077.80,00000076.60,00000077.30,000000015856000,      523419200.00,          6784000,              848,              796
FUTSTK    ,ADANIENT  ,23/02/2017,00000077.70,00000077.70,00000077.70,00000077.70,000000000080000,         621600.00,             8000,              001,              001
FUTSTK    ,ADANIPORTS,25/01/2017,00000270.25,00000277.70,00000267.50,00000274.85,000000015850000,     1581626750.00,          5807500,             2323,             2206
FUTSTK    ,ADANIPORTS,23/02/2017,00000273.00,00000278.00,00000273.00,00000275.90,000000000065000,        9605125.00,            35000,              014,              014
FUTSTK    ,ADANIPOWER,25/01/2017,00000030.10,00000030.90,00000029.30,00000030.75,000000111040000,      808917000.00,         26940000,             1347,             1264
FUTSTK    ,ADANIPOWER,23/02/2017,00000030.60,00000030.60,00000030.60,00000030.95,000000000420000,        3703000.00,           120000,              006,              006
FUTSTK    ,AJANTPHARM,25/01/2017,00001780.05,00001840.00,00001777.10,00001829.55,000000000409600,      440145500.00,           242000,              605,              583
FUTSTK    ,ALBK      ,25/01/2017,00000060.50,00000061.20,00000059.30,00000060.80,000000013490000,      508456000.00,          8440000,              844,              809
FUTSTK    ,ALBK      ,23/02/2017,00000059.70,00000060.80,00000059.25,00000060.70,000000000550000,       18510000.00,           310000,              031,              029
FUTSTK    ,AMARAJABAT,25/01/2017,00000877.10,00000900.10,00000867.50,00000897.65,000000000551400,      508920180.00,           574200,              957,              923
FUTSTK    ,AMBUJACEM ,25/01/2017,00000209.15,00000214.90,00000209.00,00000214.05,000000012255000,     1208808000.00,          5707500,             2283,             2138
FUTSTK    ,AMBUJACEM ,23/02/2017,00000210.00,00000214.10,00000210.00,00000213.80,000000000080000,        8983000.00,            42500,              017,              017
FUTSTK    ,AMBUJACEM ,30/03/2017,00000215.15,00000215.15,00000215.15,00000215.15,000000000002500,         537875.00,             2500,              001,              001
FUTSTK    ,ANDHRABANK,25/01/2017,00000047.75,00000048.05,00000047.00,00000047.90,000000019690000,      205237500.00,          4320000,              432,              427
FUTSTK    ,ANDHRABANK,23/02/2017,00000047.50,00000047.90,00000047.10,00000047.90,000000000580000,       16117500.00,           340000,              034,              034
FUTSTK    ,APOLLOHOSP,25/01/2017,00001170.95,00001191.10,00001170.95,00001189.50,000000000544000,      136563480.00,           115200,              288,              280
FUTSTK    ,APOLLOTYRE,25/01/2017,00000185.90,00000188.50,00000184.10,00000186.90,000000007728000,      913163100.00,          4899000,             1633,             1581
FUTSTK    ,APOLLOTYRE,23/02/2017,00000181.00,00000188.00,00000181.00,00000186.90,000000000096000,        5570250.00,            30000,              010,              010
FUTSTK    ,ARVIND    ,25/01/2017,00000357.00,00000357.70,00000351.50,00000353.80,000000005896000,     2337503800.00,          6602000,             3301,             3168
FUTSTK    ,ARVIND    ,23/02/2017,00000355.05,00000357.25,00000354.00,00000355.25,000000000034000,        7813700.00,            22000,              011,              009
FUTSTK    ,ASHOKLEY  ,25/01/2017,00000080.70,00000081.85,00000079.35,00000081.40,000000057855000,     2239532400.00,         27671000,             3953,             3697
FUTSTK    ,ASHOKLEY  ,23/02/2017,00000080.15,00000082.00,00000079.75,00000081.55,000000000791000,       24384500.00,           301000,              043,              043
FUTSTK    ,ASIANPAINT,25/01/2017,00000893.05,00000908.75,00000883.00,00000906.45,000000005821800,     1610389020.00,          1789800,             2983,             2838
FUTSTK    ,ASIANPAINT,23/02/2017,00000892.00,00000911.90,00000887.35,00000910.65,000000000031200,       15681510.00,            17400,              029,              029
FUTSTK    ,AUROPHARMA,25/01/2017,00000673.90,00000679.85,00000662.25,00000676.15,000000010672200,     2111555215.00,          3136700,             4481,             4161
FUTSTK    ,AUROPHARMA,23/02/2017,00000668.95,00000680.85,00000668.95,00000678.50,000000000062300,       11848200.00,            17500,              025,              025
FUTSTK    ,AUROPHARMA,30/03/2017,00000673.05,00000682.95,00000673.05,00000680.00,000000000000700,        1425200.00,             2100,              003,              003
FUTSTK    ,AXISBANK  ,25/01/2017,00000451.90,00000453.70,00000442.50,00000448.70,000000028461600,     3994067100.00,          8934000,             7445,             6903
FUTSTK    ,AXISBANK  ,23/02/2017,00000453.00,00000453.00,00000444.85,00000450.05,000000000258000,       52809420.00,           117600,              098,              083
FUTSTK    ,AXISBANK  ,30/03/2017,00000452.85,00000453.00,00000448.00,00000452.60,000000000002400,        2710140.00,             6000,              005,              005
FUTSTK    ,BAJAJ-AUTO,25/01/2017,00002640.95,00002663.00,00002555.00,00002601.75,000000001312500,     2356585362.50,           909500,             3638,             3326
FUTSTK    ,BAJAJ-AUTO,23/02/2017,00002667.95,00002667.95,00002611.40,00002615.00,000000000004000,        7898700.00,             3000,              012,              012
FUTSTK    ,BAJFINANCE,25/01/2017,00000851.15,00000874.60,00000841.30,00000871.15,000000007729500,     2836494225.00,          3302000,             6604,             5420
FUTSTK    ,BAJFINANCE,23/02/2017,00000850.00,00000873.00,00000844.80,00000870.75,000000000170500,       41951050.00,            49000,              098,              092
FUTSTK    ,BANKBARODA,25/01/2017,00000154.40,00000154.60,00000147.65,00000149.50,000000037492000,     3798956000.00,         25287500,             7225,             6598
FUTSTK    ,BANKBARODA,23/02/2017,00000155.00,00000155.00,00000147.80,00000149.45,000000000406000,       46077150.00,           308000,              088,              087
FUTSTK    ,BANKINDIA ,25/01/2017,00000107.05,00000107.25,00000103.80,00000106.90,000000023754000,     1068243900.00,         10116000,             1686,             1606
FUTSTK    ,BANKINDIA ,23/02/2017,00000105.75,00000106.40,00000103.05,00000106.10,000000001806000,      105398700.00,          1008000,              168,              143
FUTSTK    ,BANKINDIA ,30/03/2017,00000103.25,00000105.30,00000103.25,00000105.30,000000000000000,        1251300.00,            12000,              002,              002
FUTSTK    ,BATAINDIA ,25/01/2017,00000444.00,00000449.90,00000441.35,00000447.80,000000002712600,      311756995.00,           699600,              636,              616
FUTSTK    ,BATAINDIA ,23/02/2017,00000442.55,00000442.60,00000442.55,00000442.60,000000000017600,        5348750.00,            12100,              011,              010
FUTSTK    ,BEL       ,25/01/2017,00001382.75,00001382.75,00001355.00,00001371.50,000000001789200,      903004515.00,           660600,             1468,             1375
FUTSTK    ,BEL       ,23/02/2017,00001373.00,00001378.00,00001373.00,00001376.55,000000000003150,        1856722.50,             1350,              003,              003
FUTSTK    ,BEML      ,25/01/2017,00001004.55,00001006.40,00000990.00,00001000.05,000000000789600,      405392550.00,           406200,              677,              652
FUTSTK    ,BHARATFIN ,25/01/2017,00000599.45,00000608.80,00000590.25,00000605.50,000000009415000,     5542888750.00,          9206000,             9206,             8590
FUTSTK    ,BHARATFIN ,23/02/2017,00000605.00,00000610.00,00000592.70,00000607.65,000000000039000,       21142850.00,            35000,              035,              033
FUTSTK    ,BHARATFORG,25/01/2017,00000912.00,00000934.40,00000909.75,00000929.20,000000004844400,     2669474580.00,          2877000,             4795,             4324
FUTSTK    ,BHARATFORG,23/02/2017,00000911.50,00000934.40,00000911.50,00000930.00,000000000016200,       22782120.00,            24600,              041,              041
FUTSTK    ,BHARTIARTL,25/01/2017,00000308.00,00000310.40,00000302.70,00000309.30,000000025029100,     1084139215.00,          3522400,             2072,             1910
FUTSTK    ,BHARTIARTL,23/02/2017,00000303.65,00000309.25,00000303.05,00000308.10,000000000346800,       26121775.00,            85000,              050,              050
FUTSTK    ,BHARTIARTL,30/03/2017,00000302.25,00000302.25,00000302.25,00000302.25,000000000001700,         513825.00,             1700,              001,              001
FUTSTK    ,BHEL      ,25/01/2017,00000121.80,00000123.60,00000120.90,00000123.05,000000035665000,     1387972250.00,         11310000,             2262,             2134
FUTSTK    ,BHEL      ,23/02/2017,00000122.05,00000123.45,00000121.85,00000122.95,000000000770000,       21506000.00,           175000,              035,              035
FUTSTK    ,BIOCON    ,25/01/2017,00000949.10,00000957.80,00000940.75,00000955.20,000000002482800,      906984720.00,           954600,             1591,             1514
FUTSTK    ,BIOCON    ,23/02/2017,00000946.70,00000950.00,00000945.30,00000958.90,000000000187200,       12578460.00,            13200,              022,              014
FUTSTK    ,BOSCHLTD  ,25/01/2017,00021099.00,00021279.15,00020851.00,00021132.85,000000000074575,      356425902.50,            16925,              677,              584
FUTSTK    ,BPCL      ,25/01/2017,00000635.65,00000638.80,00000630.10,00000635.05,000000013591200,     2089377240.00,          3291600,             2743,             2630
FUTSTK    ,BPCL      ,23/02/2017,00000636.65,00000638.40,00000629.95,00000633.40,000000000098400,       29612940.00,            46800,              039,              039
FUTSTK    ,BRITANNIA ,25/01/2017,00002909.75,00002911.65,00002872.20,00002898.40,000000001080800,      216679610.00,            75000,              375,              363
FUTSTK    ,CADILAHC  ,25/01/2017,00000358.10,00000362.00,00000352.50,00000355.75,000000003075200,      331834160.00,           929600,              581,              564
FUTSTK    ,CAIRN     ,25/01/2017,00000243.75,00000249.50,00000241.90,00000248.10,000000021703500,     1603786975.00,          6503000,             1858,             1716
FUTSTK    ,CAIRN     ,23/02/2017,00000246.20,00000249.50,00000246.20,00000249.25,000000000035000,        7831600.00,            31500,              009,              009
FUTSTK    ,CANBK     ,25/01/2017,00000266.40,00000266.40,00000253.70,00000261.70,000000014676000,     5113042650.00,         19713000,             6571,             6278
FUTSTK    ,CANBK     ,23/02/2017,00000261.60,00000261.60,00000252.00,00000260.15,000000000624000,      148510200.00,           576000,              192,              179
FUTSTK    ,CANBK     ,30/03/2017,00000258.60,00000258.60,00000258.60,00000258.60,000000000003000,         775800.00,             3000,              001,              001
FUTSTK    ,CASTROLIND,25/01/2017,00000383.05,00000388.80,00000379.45,00000386.60,000000011155200,      379267560.00,           985600,              704,              672
FUTSTK    ,CASTROLIND,23/02/2017,00000393.00,00000393.00,00000393.00,00000393.00,000000000005600,         550200.00,             1400,              001,              001
FUTSTK    ,CEATLTD   ,25/01/2017,00001169.50,00001190.25,00001132.00,00001184.45,000000001328600,     3259932445.00,          2797200,             3996,             3742
FUTSTK    ,CEATLTD   ,23/02/2017,00001160.00,00001190.00,00001135.00,00001188.20,000000000011200,       10647385.00,             9100,              013,              013
FUTSTK    ,CENTURYTEX,25/01/2017,00000803.60,00000820.70,00000803.60,00000818.90,000000007024600,     3616392670.00,          4441800,             4038,             3746
FUTSTK    ,CENTURYTEX,23/02/2017,00000816.00,00000822.20,00000809.80,00000821.70,000000000016500,       19756990.00,            24200,              022,              022
FUTSTK    ,CESC      ,25/01/2017,00000642.55,00000652.90,00000641.30,00000648.30,000000001863400,      703872070.00,          1085700,              987,              927
FUTSTK    ,CIPLA     ,25/01/2017,00000572.25,00000573.95,00000565.80,00000568.45,000000006025000,      574861550.00,          1008000,             1008,              936
FUTSTK    ,CIPLA     ,23/02/2017,00000572.15,00000572.15,00000570.00,00000570.00,000000000014000,        2282150.00,             4000,              004,              004
FUTSTK    ,COALINDIA ,25/01/2017,00000296.35,00000298.90,00000295.00,00000297.55,000000008887600,      824285375.00,          2774400,             1632,             1528
FUTSTK    ,COALINDIA ,23/02/2017,00000294.50,00000295.75,00000293.00,00000293.80,000000000642600,       38486385.00,           130900,              077,              075
FUTSTK    ,COALINDIA ,30/03/2017,00000289.95,00000290.00,00000285.50,00000287.80,000000000175100,       25886240.00,            90100,              053,              053
FUTSTK    ,COLPAL    ,25/01/2017,00000905.55,00000910.80,00000901.60,00000903.95,000000000586600,      241509415.00,           266700,              381,              370
FUTSTK    ,CONCOR    ,25/01/2017,00001116.95,00001152.40,00001108.00,00001141.70,000000000790500,      366140600.00,           323500,              647,              615
FUTSTK    ,CONCOR    ,23/02/2017,00001118.80,00001130.30,00001115.95,00001130.30,000000000008500,        3934550.00,             3500,              007,              007
FUTSTK    ,CROMPGREAV,25/01/2017,00000059.90,00000060.75,00000059.00,00000060.25,000000019296000,      488196600.00,          8148000,              679,              646
FUTSTK    ,CROMPGREAV,23/02/2017,00000059.75,00000060.00,00000059.70,00000060.00,000000000180000,        2871600.00,            48000,              004,              004
FUTSTK    ,CUMMINSIND,25/01/2017,00000814.05,00000827.00,00000814.05,00000825.50,000000000588000,       79385310.00,            96600,              161,              153
FUTSTK    ,DABUR     ,25/01/2017,00000277.00,00000279.15,00000274.75,00000277.55,000000012510000,      247018625.00,           892500,              357,              330
FUTSTK    ,DCBBANK   ,25/01/2017,00000107.55,00000110.45,00000106.50,00000109.75,000000001755000,      128636550.00,          1179000,              262,              249
FUTSTK    ,DHFL      ,25/01/2017,00000250.00,00000252.45,00000241.20,00000250.95,000000017184000,     4370505750.00,         17676000,             5892,             5359
FUTSTK    ,DHFL      ,23/02/2017,00000249.95,00000252.45,00000242.55,00000251.70,000000000084000,       34992750.00,           141000,              047,              046
FUTSTK    ,DISHTV    ,25/01/2017,00000085.35,00000086.10,00000084.20,00000085.25,000000033726000,      691922350.00,          8127000,             1161,             1096
FUTSTK    ,DISHTV    ,23/02/2017,00000085.20,00000085.70,00000084.60,00000085.50,000000000140000,        7745500.00,            91000,              013,              013
FUTSTK    ,DIVISLAB  ,25/01/2017,00000792.00,00000806.65,00000786.00,00000798.70,000000003339600,     2110714200.00,          2644800,             4408,             4078
FUTSTK    ,DIVISLAB  ,23/02/2017,00000804.25,00000808.80,00000801.00,00000801.00,000000000018000,        8211330.00,            10200,              017,              017
FUTSTK    ,DLF       ,25/01/2017,00000115.90,00000121.40,00000113.95,00000119.20,000000033415000,     5968149000.00,         50725000,            10145,             9145
FUTSTK    ,DLF       ,23/02/2017,00000115.80,00000121.45,00000114.20,00000119.05,000000000410000,       47989750.00,           410000,              082,              082
FUTSTK    ,DRREDDY   ,25/01/2017,00003074.80,00003121.85,00003074.80,00003092.50,000000001564800,      986252540.00,           318200,             1591,             1491
FUTSTK    ,DRREDDY   ,23/02/2017,00003116.20,00003116.20,00003116.20,00003116.20,000000000003600,         623240.00,              200,              001,              001
FUTSTK    ,EICHERMOT ,25/01/2017,00022200.00,00022907.30,00022049.00,00022545.50,000000000220150,     2218809185.00,            98575,             3943,             3597
FUTSTK    ,EICHERMOT ,23/02/2017,00023339.85,00023339.85,00022452.00,00022500.00,000000000001825,       15380283.75,              675,              027,              026
FUTSTK    ,ENGINERSIN,25/01/2017,00000151.85,00000154.90,00000148.30,00000154.15,000000017353000,     2677356850.00,         17535000,             2505,             2363
FUTSTK    ,ENGINERSIN,23/02/2017,00000148.75,00000154.65,00000148.75,00000153.80,000000000140000,       23562000.00,           154000,              022,              021
FUTSTK    ,EXIDEIND  ,25/01/2017,00000181.40,00000184.35,00000180.60,00000183.80,000000011592000,      648182400.00,          3552000,              888,              805
FUTSTK    ,EXIDEIND  ,23/02/2017,00000181.90,00000181.90,00000181.90,00000181.90,000000000012000,         727600.00,             4000,              001,              001
FUTSTK    ,FEDERALBNK,25/01/2017,00000067.85,00000067.85,00000065.90,00000066.50,000000049973000,     1079047750.00,         16192000,             1472,             1353
FUTSTK    ,FEDERALBNK,23/02/2017,00000067.40,00000067.50,00000066.50,00000067.00,000000000671000,       16170000.00,           242000,              022,              018
FUTSTK    ,GAIL      ,25/01/2017,00000435.35,00000438.45,00000432.55,00000435.45,000000005688000,      877691775.00,          2014500,             1343,             1304
FUTSTK    ,GAIL      ,23/02/2017,00000435.75,00000435.75,00000434.00,00000434.15,000000000024000,        1956075.00,             4500,              003,              003
FUTSTK    ,GLENMARK  ,25/01/2017,00000896.00,00000896.05,00000885.50,00000888.35,000000002445800,      373662555.00,           420000,              600,              583
FUTSTK    ,GMRINFRA  ,25/01/2017,00000012.00,00000012.25,00000011.90,00000012.20,000000161505000,      269763750.00,         22320000,              496,              451
FUTSTK    ,GMRINFRA  ,23/02/2017,00000012.10,00000012.10,00000012.00,00000012.10,000000004050000,        3258000.00,           270000,              006,              006
FUTSTK    ,GODREJCP  ,25/01/2017,00001523.90,00001536.00,00001509.90,00001520.10,000000000632800,      234835720.00,           154000,              385,              372
FUTSTK    ,GODREJIND ,25/01/2017,00000432.50,00000434.00,00000427.50,00000433.45,000000001396500,      238812975.00,           553500,              369,              351
FUTSTK    ,GRANULES  ,25/01/2017,00000108.05,00000109.95,00000104.20,00000108.65,000000008825000,      240102750.00,          2235000,              447,              428
FUTSTK    ,GRANULES  ,23/02/2017,00000108.45,00000109.15,00000105.50,00000109.20,000000000120000,       12894750.00,           120000,              024,              022
FUTSTK    ,GRASIM    ,25/01/2017,00000869.70,00000875.90,00000860.25,00000873.90,000000009204750,     1042032750.00,          1198500,             1598,             1402
FUTSTK    ,GRASIM    ,23/02/2017,00000866.10,00000872.00,00000866.10,00000872.00,000000000078750,       34636537.50,            39750,              053,              045
FUTSTK    ,HAVELLS   ,25/01/2017,00000343.15,00000343.85,00000336.25,00000342.55,000000003828000,      793227400.00,          2330000,             1165,             1123
FUTSTK    ,HAVELLS   ,23/02/2017,00000338.60,00000342.20,00000338.00,00000340.00,000000000010000,        4071400.00,            12000,              006,              006
FUTSTK    ,HCLTECH   ,25/01/2017,00000821.90,00000832.95,00000821.30,00000824.45,000000005149200,      619883250.00,           749000,             1070,             1031
FUTSTK    ,HCLTECH   ,23/02/2017,00000826.55,00000826.55,00000826.55,00000826.55,000000000015400,         578585.00,              700,              001,              001
FUTSTK    ,HDFC      ,25/01/2017,00001274.45,00001274.45,00001216.80,00001222.75,000000010635000,     5740120025.00,          4663000,             9326,             8346
FUTSTK    ,HDFC      ,23/02/2017,00001261.00,00001262.10,00001224.00,00001227.45,000000000062500,       52483575.00,            42500,              085,              081
FUTSTK    ,HDFCBANK  ,25/01/2017,00001209.95,00001211.85,00001196.60,00001202.45,000000029177500,     5932751350.00,          4935000,             9870,             9130
FUTSTK    ,HDFCBANK  ,23/02/2017,00001209.15,00001214.50,00001203.00,00001208.40,000000000060000,       23566700.00,            19500,              039,              038
FUTSTK    ,HDIL      ,25/01/2017,00000062.40,00000063.35,00000061.00,00000062.00,000000023944000,     2180530800.00,         35120000,             4390,             4153
FUTSTK    ,HDIL      ,23/02/2017,00000062.95,00000063.45,00000061.20,00000062.60,000000000624000,       25456400.00,           408000,              051,              051
FUTSTK    ,HEROMOTOCO,25/01/2017,00003050.00,00003072.45,00002994.00,00003038.15,000000001508400,     1841991270.00,           609000,             3045,             2768
FUTSTK    ,HEROMOTOCO,23/02/2017,00003050.65,00003054.30,00003015.00,00003041.95,000000000006800,        9678690.00,             3200,              016,              016
FUTSTK    ,HEXAWARE  ,25/01/2017,00000208.05,00000212.70,00000208.05,00000210.20,000000004218000,      502038600.00,          2382000,              794,              769
FUTSTK    ,HEXAWARE  ,23/02/2017,00000209.00,00000212.70,00000209.00,00000210.50,000000000078000,       12683400.00,            60000,              020,              020
FUTSTK    ,HINDALCO  ,25/01/2017,00000156.10,00000159.90,00000154.40,00000159.15,000000037950500,     3877488825.00,         24664500,             7047,             6390
FUTSTK    ,HINDALCO  ,23/02/2017,00000156.20,00000160.10,00000155.55,00000159.80,000000000364000,       29252300.00,           185500,              053,              053
FUTSTK    ,HINDPETRO ,25/01/2017,00000436.90,00000443.00,00000434.40,00000442.15,000000022495200,     3007590285.00,          6858600,             3266,             3074
FUTSTK    ,HINDPETRO ,23/02/2017,00000435.50,00000441.00,00000432.05,00000440.20,000000000195300,      115639440.00,           264600,              126,              120
FUTSTK    ,HINDPETRO ,30/03/2017,00000437.00,00000437.00,00000437.00,00000437.00,000000000002100,         917700.00,             2100,              001,              001
FUTSTK    ,HINDUNILVR,25/01/2017,00000827.25,00000829.40,00000822.40,00000826.35,000000005007000,      587542740.00,           711600,             1186,             1096
FUTSTK    ,HINDZINC  ,25/01/2017,00000255.00,00000261.30,00000254.60,00000260.75,000000007868800,     1112999040.00,          4316800,             1349,             1233
FUTSTK    ,HINDZINC  ,23/02/2017,00000257.80,00000261.25,00000257.25,00000261.25,000000000083200,       11563520.00,            44800,              014,              013
FUTSTK    ,M&M       ,25/01/2017,00001183.30,00001235.90,00001173.50,00001231.55,000000005360500,     3825625700.00,          3169000,             6338,             5735
FUTSTK    ,M&M       ,23/02/2017,00001181.00,00001236.55,00001181.00,00001234.80,000000000018500,       18817000.00,            15500,              031,              031
FUTSTK    ,M&MFIN    ,25/01/2017,00000271.55,00000275.35,00000268.40,00000271.35,000000012292500,     1142787875.00,          4207500,             1683,             1547
FUTSTK    ,M&MFIN    ,23/02/2017,00000271.20,00000271.20,00000268.75,00000270.20,000000000170000,       14852250.00,            55000,              022,              022
FUTSTK    ,MARICO    ,25/01/2017,00000261.70,00000261.70,00000254.05,00000255.10,000000008091200,      418159560.00,          1635400,              629,              606
FUTSTK    ,MARUTI    ,25/01/2017,00005324.30,00005487.00,00005288.05,00005478.95,000000002268450,    11306364795.00,          2092200,            13948,            12251
FUTSTK    ,MARUTI    ,23/02/2017,00005379.95,00005509.95,00005308.65,00005494.45,000000000020400,      120561825.00,            22200,              148,              147
FUTSTK    ,MARUTI    ,30/03/2017,00005457.00,00005457.00,00005457.00,00005457.00,000000000000450,         818550.00,              150,              001,              001
FUTSTK    ,MCDOWELL-N,25/01/2017,00001944.00,00001962.00,00001926.55,00001937.60,000000002359500,      447947950.00,           230500,              922,              806
FUTSTK    ,MCDOWELL-N,23/02/2017,00001939.00,00001943.90,00001939.00,00001943.90,000000000003000,         970725.00,              500,              002,              002
FUTSTK    ,MCLEODRUSS,25/01/2017,00000140.35,00000142.50,00000139.45,00000141.20,000000004188000,      199800150.00,          1416000,              472,              429
FUTSTK    ,MINDTREE  ,25/01/2017,00000525.45,00000525.45,00000515.20,00000517.55,000000001904400,      347046780.00,           667200,              556,              534
FUTSTK    ,MINDTREE  ,23/02/2017,00000520.95,00000521.15,00000518.00,00000518.00,000000000022800,        3741720.00,             7200,              006,              006
FUTSTK    ,MOTHERSUMI,25/01/2017,00000327.95,00000334.40,00000324.65,00000329.35,000000008975000,     1382552500.00,          4180000,             1672,             1591
FUTSTK    ,MOTHERSUMI,23/02/2017,00000327.65,00000327.65,00000327.65,00000327.65,000000000020000,         819125.00,             2500,              001,              001
FUTSTK    ,MRF       ,25/01/2017,00049200.00,00049470.00,00048740.55,00049263.50,000000000029700,      591750508.50,            12030,              802,              763
FUTSTK    ,MRF       ,23/02/2017,00049418.30,00049418.30,00049418.30,00049418.30,000000000000060,         741274.50,              015,              001,              001
FUTSTK    ,NCC       ,25/01/2017,00000081.55,00000084.20,00000080.60,00000083.75,000000013720000,      593755600.00,          7168000,              896,              857
FUTSTK    ,NHPC      ,25/01/2017,00000026.00,00000026.45,00000025.85,00000026.40,000000028026000,      140116500.00,          5346000,              198,              186
FUTSTK    ,NHPC      ,23/02/2017,00000026.05,00000026.40,00000026.05,00000026.40,000000002052000,       17795700.00,           675000,              025,              021
FUTSTK    ,NIITTECH  ,25/01/2017,00000433.00,00000434.45,00000428.00,00000429.10,000000000537000,       70064025.00,           162000,              108,              108
FUTSTK    ,NMDC      ,25/01/2017,00000123.90,00000129.75,00000122.85,00000128.70,000000018258000,     1294388400.00,         10200000,             1700,             1638
FUTSTK    ,NMDC      ,23/02/2017,00000122.10,00000128.60,00000122.10,00000127.50,000000000594000,       24841200.00,           198000,              033,              033
FUTSTK    ,NTPC      ,25/01/2017,00000164.45,00000166.15,00000164.30,00000164.85,000000014156000,      579870800.00,          3512000,              878,              849
FUTSTK    ,NTPC      ,23/02/2017,00000164.10,00000165.95,00000163.90,00000164.05,000000000276000,       29576600.00,           180000,              045,              045
FUTSTK    ,OFSS      ,25/01/2017,00003149.00,00003218.80,00003146.45,00003201.30,000000000200100,       72713280.00,            22800,              152,              147
FUTSTK    ,OIL       ,25/01/2017,00000442.90,00000448.00,00000442.90,00000446.55,000000001489200,      296467930.00,           664700,              391,              388
FUTSTK    ,OIL       ,23/02/2017,00000446.85,00000446.85,00000445.00,00000445.00,000000000052700,       10599670.00,            23800,              014,              014
FUTSTK    ,ONGC      ,25/01/2017,00000191.90,00000193.70,00000191.40,00000193.15,000000029917500,     1153817437.50,          5985000,             1596,             1536
FUTSTK    ,ONGC      ,23/02/2017,00000192.00,00000193.55,00000192.00,00000193.50,000000000738750,       39141562.50,           202500,              054,              051
FUTSTK    ,ORIENTBANK,25/01/2017,00000106.90,00000108.00,00000103.65,00000107.00,000000014256000,     1176914400.00,         11118000,             1853,             1751
FUTSTK    ,ORIENTBANK,23/02/2017,00000107.30,00000107.30,00000103.75,00000106.35,000000000510000,       27130800.00,           258000,              043,              042
FUTSTK    ,ORIENTBANK,30/03/2017,00000108.00,00000108.00,00000104.00,00000106.15,000000000090000,       10845000.00,           102000,              017,              016
FUTSTK    ,PAGEIND   ,25/01/2017,00013120.00,00013450.00,00012830.00,00013359.45,000000000039350,      211984040.00,            16050,              321,              295
FUTSTK    ,PAGEIND   ,23/02/2017,00000000.00,00000000.00,00000000.00,00013500.00,000000000000600,        5916165.00,              450,              009,              006
FUTSTK    ,PCJEWELLER,25/01/2017,00000375.05,00000381.10,00000361.35,00000374.60,000000000766500,      177290925.00,           475500,              317,              303
FUTSTK    ,PCJEWELLER,23/02/2017,00000360.90,00000360.90,00000346.00,00000358.00,000000000039000,        4241925.00,            12000,              008,              008
FUTSTK    ,PETRONET  ,25/01/2017,00000370.00,00000374.50,00000366.65,00000372.40,000000003301500,      613962750.00,          1651500,             1101,             1050
FUTSTK    ,PETRONET  ,23/02/2017,00000375.20,00000375.25,00000373.45,00000373.60,000000000009000,        6177150.00,            16500,              011,              011
FUTSTK    ,PFC       ,25/01/2017,00000120.10,00000122.45,00000118.80,00000122.15,000000015132000,      725224800.00,          5982000,              997,              930
FUTSTK    ,PFC       ,23/02/2017,00000119.60,00000121.10,00000119.60,00000121.15,000000000402000,       12280800.00,           102000,              017,              017
FUTSTK    ,PIDILITIND,25/01/2017,00000591.95,00000606.75,00000590.05,00000605.20,000000001627000,      414511450.00,           691000,              691,              670
FUTSTK    ,PNB       ,25/01/2017,00000115.35,00000116.50,00000112.20,00000115.25,000000053851000,     5818177400.00,         50974000,             7282,             6914
FUTSTK    ,PNB       ,23/02/2017,00000115.50,00000115.50,00000111.90,00000114.90,000000002156000,      168919450.00,          1484000,              212,              190
FUTSTK    ,PNB       ,30/03/2017,00000112.10,00000112.90,00000112.10,00000112.90,000000000021000,        2365300.00,            21000,              003,              003
FUTSTK    ,POWERGRID ,25/01/2017,00000183.95,00000185.20,00000182.80,00000184.10,000000017012000,      640416200.00,          3480000,              870,              833
FUTSTK    ,POWERGRID ,23/02/2017,00000183.55,00000184.15,00000183.00,00000184.15,000000000036000,        7338200.00,            40000,              010,              010
FUTSTK    ,PTC       ,25/01/2017,00000074.10,00000074.55,00000073.60,00000074.30,000000014640000,      162544400.00,          2192000,              274,              259
FUTSTK    ,PTC       ,23/02/2017,00000074.45,00000074.55,00000073.85,00000073.85,000000000312000,       23812000.00,           320000,              040,              033
FUTSTK    ,RCOM      ,25/01/2017,00000034.20,00000035.20,00000033.90,00000034.90,000000091380000,      625343400.00,         18084000,             1507,             1398
FUTSTK    ,RCOM      ,23/02/2017,00000034.20,00000035.20,00000034.10,00000035.00,000000003384000,       19924800.00,           576000,              048,              048
FUTSTK    ,RCOM      ,30/03/2017,00000034.80,00000034.80,00000034.80,00000034.80,000000000024000,         417600.00,            12000,              001,              001
FUTSTK    ,RECLTD    ,25/01/2017,00000122.20,00000123.75,00000120.70,00000123.35,000000022668000,      934347600.00,          7620000,             1270,             1184
FUTSTK    ,RECLTD    ,23/02/2017,00000119.90,00000122.10,00000119.90,00000121.65,000000000504000,        6555300.00,            54000,              009,              009
FUTSTK    ,RELCAPITAL,25/01/2017,00000437.05,00000444.60,00000431.45,00000441.45,000000010897500,     3523638225.00,          8046000,             5364,             5063
FUTSTK    ,RELCAPITAL,23/02/2017,00000434.95,00000445.05,00000434.95,00000444.05,000000000031500,       11246325.00,            25500,              017,              017
FUTSTK    ,RELIANCE  ,25/01/2017,00001085.00,00001093.70,00001076.85,00001087.25,000000014544500,     3619765975.00,          3325500,             6651,             5729
FUTSTK    ,RELIANCE  ,23/02/2017,00001093.50,00001097.40,00001084.00,00001090.55,000000000126000,       61742125.00,            56500,              113,              096
FUTSTK    ,RELINFRA  ,25/01/2017,00000470.15,00000484.00,00000463.55,00000480.40,000000007087600,     3837317510.00,          8092500,             6225,             5748
FUTSTK    ,RELINFRA  ,23/02/2017,00000471.00,00000485.00,00000467.00,00000482.35,000000000059800,       33887295.00,            71500,              055,              055
FUTSTK    ,RPOWER    ,25/01/2017,00000041.30,00000042.30,00000041.30,00000042.15,000000049356000,      229388400.00,          5496000,              458,              430
FUTSTK    ,RPOWER    ,23/02/2017,00000042.10,00000042.35,00000041.50,00000042.20,000000000924000,        4522800.00,           108000,              009,              009
* - OPEN_INT as available in the trading system at the end of trading hours.                                                                                                                                                                                                                                                                                                                                                                                                                                        
